mobile_number,arpu_6,arpu_7,arpu_8,onnet_mou_6,onnet_mou_7,onnet_mou_8,offnet_mou_6,offnet_mou_7,offnet_mou_8,roam_ic_mou_6,roam_ic_mou_7,roam_ic_mou_8,roam_og_mou_6,roam_og_mou_7,roam_og_mou_8,total_og_mou_6,total_og_mou_7,total_og_mou_8,total_ic_mou_6,total_ic_mou_7,total_ic_mou_8,total_rech_num_6,total_rech_num_7,total_rech_num_8,total_rech_amt_6,total_rech_amt_7,total_rech_amt_8,total_rech_data_6,total_rech_data_7,total_rech_data_8,av_rech_amt_data_6,av_rech_amt_data_7,av_rech_amt_data_8,aon,sms_ic_6,sms_ic_7,sms_ic_8,sms_og_6,sms_og_7,sms_og_8,churn,days_since_last_rech_6,days_since_last_rech_7,days_since_last_rech_8,days_since_last_rech_data_6,days_since_last_rech_data_7,days_since_last_rech_data_8,count_2g3g,vol_2g3g,monthly_2g3g
7001204172,221.338,251.102,508.05400000000003,99.91,54.39,310.98,123.31,109.01,71.68,0.0,54.86,44.38,0.0,28.09,39.04,223.23,135.31,352.21,280.08,216.61,53.13,10,11,18,230,310,601,0.0,0.0,0.0,0.0,0.0,0.0,83.03333333333333,1,11,4,15,11,1,0,2.0,0.0,0.0,60.0,60.0,60.0,0.0,0.0,0.0
7001051193,429.023,190.704,255.114,71.03,45.03,76.66,262.73,49.24,92.08,0.0,0.0,0.0,0.0,0.0,0.0,333.76,94.81,168.74,2128.41,1788.06,2167.11,15,10,11,499,222,294,0.0,0.0,0.0,0.0,0.0,0.0,55.766666666666666,15,1,1,25,1,9,0,2.0,0.0,3.0,60.0,60.0,60.0,0.0,0.0,0.0
7000701601,1069.18,1349.85,3171.48,57.84,54.68,52.29,453.43,567.16,325.91,16.23,33.49,31.64,23.74,12.59,38.06,487.53,609.24,350.16,626.46,558.04,428.74,5,5,7,1580,790,3638,0.0,0.0,0.0,0.0,0.0,0.0,26.733333333333334,37,5,5,24,1,17,1,3.0,6.0,5.0,60.0,60.0,60.0,0.0,0.0,0.0
7001524846,378.721,492.223,137.362,413.69,351.03,35.08,94.66,80.63,136.48,0.0,0.0,0.0,0.0,0.0,0.0,508.36,431.66,171.56,103.86,28.49,16.54,19,21,14,437,601,120,0.0,2.0,3.0,0.0,177.0,69.0,10.5,35,10,14,14,22,17,0,5.0,0.0,1.0,60.0,0.0,8.0,1.5,5.984999999999999,0.0
